{
  "config": [
    {
      "name": "TSS",
      "bed_file": "additional/region/unique_sorted_refFlat_TSS_1000bpwindow_GC_geneID_22.bed",
      "chr_file": "output/2/TSS_output_all_data.tsv",
      "cells": [
        {
          "name": "gm12878",
          "interp_file": "output/3/tss_chr_22_data250_gm12878_plot_output_all_data.tsv"
        },
        {
          "name": "k562",
          "interp_file": "output/3/tss_chr_22_data250_k562_plot_output_all_data.tsv"
        },
        {
          "name": "mcf7",
          "interp_file": "output/3/tss_chr_22_data250_mcf7_plot_output_all_data.tsv"
        }
      ]
    },
    {
      "name": "HOT",
      "bed_file": "additional/region/filtered_unique_sorted_trim_sorted_numChr_HOT_input_1000bp_22.bed",
      "chr_file": "output/2/HOT_output_all_data.tsv",
      "cells": [
        {
          "name": "gm12878",
          "interp_file": "output/3/hot_chr_22_gm12878_plot_output_all_data.tsv"
        },
        {
          "name": "k562",
          "interp_file": "output/3/hot_chr_22_k562_plot_output_all_data.tsv"
        },
        {
          "name": "mcf7",
          "interp_file": "output/3/hot_chr_22_mcf7_plot_output_all_data.tsv"
        }
      ]
    }
  ],
  "win_length": [
    "250"
  ],
  "potentials": [
    "-10",
    "none"
  ],
  "chromosome": "22",
  "histon_modification": [
    "h3k27ac_hg19_",
    "h3k4me1_hg19_",
    "h3k4me3_hg19_",
    "dnas_hg19_",
    "pol2_hg19_",
    "ctcf_hg19_",
    "h3k27me3_hg19_",
    "h3k9me3_hg19_"
  ],
  "cell_type_config": {
    "gm12878": {
      "250": "additional/interaction/gm12878_250.matrixtxt"
    },
    "k562": {
      "250": "additional/interaction/k562_250.matrixtxt"
    },
    "mcf7": {
      "250": "additional/interaction/mcf7_250.matrixtxt"
    }
  }
}