{
  "config": {
    "chromosome": "22",
    "hot_region_bed_file": "additional/region/filtered_unique_sorted_trim_sorted_numChr_HOT_input_1000bp_22.bed",
    "hot": {
      "tasks": [
        {
          "name": "gm12878",
          "root_folder": "additional/experiment_data",
          "bed_file_name": "gm_chr_22_data.bed",
          "header_file": "gm.head"
        },
        {
          "name": "k562",
          "root_folder": "additional/experiment_data",
          "bed_file_name": "k562_chr_22_data.bed",
          "header_file": "k562.head"
        },
        {
          "name": "mcf7",
          "root_folder": "additional/experiment_data",
          "bed_file_name": "mcf7_chr_22_data.bed",
          "header_file": "mcf7.head"
        }
      ]
    },
    "tss": {
      "tss_bed_file": "additional/region/unique_sorted_refFlat_TSS_1000bpwindow_GC_geneID_22.bed",
      "window_len": [
        "250"
      ]
    }
  }
}