{
  "region_files": [
    {
      "name": "GENE",
      "bed_file_address": "additional/region/unique_sorted_refFlat_gene_center_1000bpwindow_GC_geneID_22.bed"
    },
    {
      "name": "TSS",
      "bed_file_address": "additional/region/unique_sorted_refFlat_TSS_1000bpwindow_GC_geneID_22.bed"
    },
    {
      "name": "ENHANCER",
      "bed_file_address": "additional/region/filtered_unique_sorted_trim_sorted_numChr_merged_sorted_all_tissues_1000bp_22.bed"
    },
    {
      "name": "HOT",
      "bed_file_address": "additional/region/filtered_unique_sorted_trim_sorted_numChr_HOT_input_1000bp_22.bed"
    }
  ],
  "ntba_bed_files_address": [
    "output/ntba/chemical_none_combined_groups_dbas_sorted.bed",
    "output/ntba/chemical_-10_combined_groups_dbas_sorted.bed"
  ],
  "chromosome": "22"
}